https://support.microsoft.com/ja-jp/help/400264を参照して下さい	Excelの罫線の色を変更したい
https://support.microsoft.com/ja-jp/help/400264を参照して下さい	Excelの罫線の色を変更するには
https://support.microsoft.com/ja-jp/help/400264を参照して下さい	Excelの罫線の色を変えた
https://support.microsoft.com/ja-jp/help/400264を参照して下さい	Excelの罫線の色を変えるには
https://support.microsoft.com/ja-jp/help/400264を参照して下さい	Excelの罫線の黒以外にしたい
https://support.microsoft.com/ja-jp/help/400264を参照して下さい	Excelの罫線の黒以外にするには
https://support.microsoft.com/ja-jp/help/400264を参照して下さい	Excelの罫線の配色を変えたい
https://support.microsoft.com/ja-jp/help/400264を参照して下さい	Excelの罫線の配色を変えるには
Office365ポータルにアクセスしてください	Office365へログインするにはどうしたらいいですか
Office365ポータルにアクセスしてください	Office365へログインしたい
Office365ポータルにアクセスしてください	Office365を使いたい
Office365ポータルにアクセスしてください	Office365にログインするためには
https://support.microsoft.com/ja-jp/help/285059/how-to-create-a-table-of-contents-by-marking-text-in-wordを参照してください	Wordの目次を追加するには？
https://support.microsoft.com/ja-jp/help/285059/how-to-create-a-table-of-contents-by-marking-text-in-wordを参照してください	Wordの目次を追加したい
https://support.microsoft.com/ja-jp/help/285059/how-to-create-a-table-of-contents-by-marking-text-in-wordを参照してください	Wordの目次を編集したい
https://support.microsoft.com/ja-jp/help/285059/how-to-create-a-table-of-contents-by-marking-text-in-wordを参照してください	Wordの目次を編集するには？
詳細はhttps://products.office.com/ja-jp/business/microsoft-office-365-frequently-asked-questionsを参照してください	Office365って何ですか？
詳細はhttps://products.office.com/ja-jp/business/microsoft-office-365-frequently-asked-questionsを参照してください	Office365って何が出来るんですか？
"クラウド" とは、組織の外部でホストされる Web ベースのコンピューティング サービスの名称です	クラウドって何ですか？
"クラウド" とは、組織の外部でホストされる Web ベースのコンピューティング サービスの名称です	クラウドって何
"クラウド" とは、組織の外部でホストされる Web ベースのコンピューティング サービスの名称です	クラウドについて教えて
"クラウド" とは、組織の外部でホストされる Web ベースのコンピューティング サービスの名称です	クラウドはどういうものなの？
おはよう	おはよう
おはようございます	おはようございます
こんにちは	こんにちは
さようなら	さようなら
ご使用のPCおよびネットワーク環境によりインストール準備の画面が表示されるまでに、しばらくお時間がかかる場合がございます。インストールが開始されるまで、そのまましばらくお待ちください。	Officeのインストールボタンをクリックしても何も表示されません
ご使用のPCおよびネットワーク環境によりインストール準備の画面が表示されるまでに、しばらくお時間がかかる場合がございます。インストールが開始されるまで、そのまましばらくお待ちください。	Officeのインストールボタンをクリックしても何も始まらない
ご使用のPCおよびネットワーク環境によりインストール準備の画面が表示されるまでに、しばらくお時間がかかる場合がございます。インストールが開始されるまで、そのまましばらくお待ちください。	Officeのインストール出来ない
ご使用のPCおよびネットワーク環境によりインストール準備の画面が表示されるまでに、しばらくお時間がかかる場合がございます。インストールが開始されるまで、そのまましばらくお待ちください。	Officeのインストールするにはどうしたらいいのか
ご使用のPCおよびネットワーク環境によりインストール準備の画面が表示されるまでに、しばらくお時間がかかる場合がございます。インストールが開始されるまで、そのまましばらくお待ちください。	Officeがインストールできない
ご使用のPCおよびネットワーク環境によりインストール準備の画面が表示されるまでに、しばらくお時間がかかる場合がございます。インストールが開始されるまで、そのまましばらくお待ちください。	Officeがインストールできないけどどうしよう
ご使用のPCおよびネットワーク環境によりインストール準備の画面が表示されるまでに、しばらくお時間がかかる場合がございます。インストールが開始されるまで、そのまましばらくお待ちください。	Officeがインストールできないどうしたらいいのか
インストール対象のデバイスから、マイアカウントページにログインして、[インストール]をクリックすることで、Officeのインストール/再インストールが開始されます。	2台目のPCにインストールするには
インストール対象のデバイスから、マイアカウントページにログインして、[インストール]をクリックすることで、Officeのインストール/再インストールが開始されます。	2台目のPCにインストールしたい
インストール対象のデバイスから、マイアカウントページにログインして、[インストール]をクリックすることで、Officeのインストール/再インストールが開始されます。	2台目のPCにインストール方法を教えて
インストール対象のデバイスから、マイアカウントページにログインして、[インストール]をクリックすることで、Officeのインストール/再インストールが開始されます。	Macにインストールしたい
インストール対象のデバイスから、マイアカウントページにログインして、[インストール]をクリックすることで、Officeのインストール/再インストールが開始されます。	Macにインストールするには
インストール対象のデバイスから、マイアカウントページにログインして、[インストール]をクリックすることで、Officeのインストール/再インストールが開始されます。	Macへのインストール方法を教えて
インストール対象のデバイスから、マイアカウントページにログインして、[インストール]をクリックすることで、Officeのインストール/再インストールが開始されます。	同じPCに再インストールしたい
インストール対象のデバイスから、マイアカウントページにログインして、[インストール]をクリックすることで、Officeのインストール/再インストールが開始されます。	同じPCに再インストールするには
インストール対象のデバイスから、マイアカウントページにログインして、[インストール]をクリックすることで、Officeのインストール/再インストールが開始されます。	同じPCの再インストール方法を教えて
現時点で Android タブレットでは、Office Mobile はサポートされていません。	Androidから使いたい
現時点で Android タブレットでは、Office Mobile はサポートされていません。	Androidから使うには
現時点で Android タブレットでは、Office Mobile はサポートされていません。	Androidで使うにはどうしたらいいのか
現時点で Android タブレットでは、Office Mobile はサポートされていません。	Androidで使う方法を教えて
Mac 上のブラウザから、マイアカウント ページにアクセスして、[インストール] をクリックします。	Office for Macを使うためには
Mac 上のブラウザから、マイアカウント ページにアクセスして、[インストール] をクリックします。	Office for Macを使いたい
Mac 上のブラウザから、マイアカウント ページにアクセスして、[インストール] をクリックします。	MacでOfficeを使いたい
Mac 上のブラウザから、マイアカウント ページにアクセスして、[インストール] をクリックします。	MacでOfficeを使うには