Word	0
の	1
目次	2
を	3
追加	4
する	5
に	6
は	7
し	8
たい	9
編集	10
Excel	11
罫線	12
色	13
変更	14
変え	15
た	16
変える	17
黒	18
以外	19
配色	20
Office	21
for	22
Mac	23
使う	24
ため	25
使い	26
で	27
365	28
へ	29
ログイン	30
どう	31
たら	32
いい	33
です	34
か	35
2	36
台	37
目	38
PC	39
インストール	40
方法	41
教え	42
て	43
同じ	44
再	45
おはよう	46
ござい	47
ます	48
Good	49
Morning	50
はやい	51
なー	52
お	53
はや	54
がん	55
す	56
クラ	57
ウド	58
って	59
何	60
について	61
どういう	62
もの	63
な	64
ボタン	65
クリック	66
も	67
表示	68
さ	69
れ	70
ませ	71
ん	72
始まら	73
ない	74
出来	75
が	76
でき	77
けど	78
しよ	79
う	80
Android	81
から	82
出来る	83
できる	84
こと	85
ください	86
なん	87
と	88
